{"cameraMode":{"drawMode":0,"name":"Shaded","section":"Shading Mode"},"sceneLighting":false,"audioPlay":false,"sceneViewState":{"showFog":true,"showMaterialUpdate":false,"showSkybox":false,"showFlares":true,"showImageEffects":true,"showParticleSystems":true},"in2DMode":false,"pivot":{"x":499.0919494628906,"y":33.96876525878906,"z":509.1419677734375},"rotation":{"x":0.7520296573638916,"y":0.0026262833271175625,"z":0.0028945545200258495,"w":-0.6591714024543762},"size":2.0077311992645265,"orthographic":false}