{"cameraMode":{"drawMode":0,"name":"Shaded","section":"Shading Mode"},"sceneLighting":false,"audioPlay":false,"sceneViewState":{"showFog":true,"showMaterialUpdate":false,"showSkybox":false,"showFlares":true,"showImageEffects":true,"showParticleSystems":true},"in2DMode":false,"pivot":{"x":0.35943853855133059,"y":-1.2719042301177979,"z":-0.6049867272377014},"rotation":{"x":0.005523513071238995,"y":0.7721797227859497,"z":-0.6353663802146912,"w":0.006717389915138483},"size":2.018707036972046,"orthographic":false}