{"cameraMode":{"drawMode":0,"name":"Shaded","section":"Shading Mode"},"sceneLighting":false,"audioPlay":false,"sceneViewState":{"showFog":true,"showMaterialUpdate":false,"showSkybox":false,"showFlares":true,"showImageEffects":true,"showParticleSystems":true},"in2DMode":false,"pivot":{"x":0.07263053208589554,"y":-0.10150063037872315,"z":0.4621451497077942},"rotation":{"x":0.5710722804069519,"y":-0.0039458912797272209,"z":0.0027695430908352138,"w":0.8209046721458435},"size":0.3506283760070801,"orthographic":true}