{"cameraMode":{"drawMode":0,"name":"Shaded","section":"Shading Mode"},"sceneLighting":false,"audioPlay":false,"sceneViewState":{"showFog":true,"showMaterialUpdate":false,"showSkybox":false,"showFlares":true,"showImageEffects":true,"showParticleSystems":true},"in2DMode":false,"pivot":{"x":0.5781250596046448,"y":3.699892044067383,"z":-4.179779052734375},"rotation":{"x":0.14150884747505189,"y":0.8584840893745422,"z":-0.34237679839134219,"w":0.3547035753726959},"size":3.7058942317962648,"orthographic":false}