{"cameraMode":{"drawMode":0,"name":"Shaded","section":"Shading Mode"},"sceneLighting":false,"audioPlay":false,"sceneViewState":{"showFog":true,"showMaterialUpdate":false,"showSkybox":false,"showFlares":true,"showImageEffects":true,"showParticleSystems":true},"in2DMode":false,"pivot":{"x":-0.34257233142852785,"y":0.10344505310058594,"z":-0.3916813135147095},"rotation":{"x":-0.0966872051358223,"y":-0.900429904460907,"z":0.3358367383480072,"w":-0.2591407597064972},"size":1.5517632961273194,"orthographic":false}