{"cameraMode":{"drawMode":0,"name":"Shaded","section":"Shading Mode"},"sceneLighting":false,"audioPlay":false,"sceneViewState":{"showFog":true,"showMaterialUpdate":false,"showSkybox":false,"showFlares":true,"showImageEffects":true,"showParticleSystems":true},"in2DMode":false,"pivot":{"x":-6.689374923706055,"y":3.993990659713745,"z":10.361335754394532},"rotation":{"x":-0.05800493434071541,"y":0.32968562841415408,"z":-0.02032870054244995,"w":-0.942114531993866},"size":12.718038558959961,"orthographic":false}