{"cameraMode":{"drawMode":0,"name":"Shaded","section":"Shading Mode"},"sceneLighting":true,"audioPlay":false,"sceneViewState":{"showFog":true,"showMaterialUpdate":false,"showSkybox":true,"showFlares":true,"showImageEffects":true,"showParticleSystems":true},"in2DMode":false,"pivot":{"x":649.7686157226563,"y":52.094947814941409,"z":570.78369140625},"rotation":{"x":0.05895911157131195,"y":0.6645703315734863,"z":-0.05322970822453499,"w":0.743261992931366},"size":30.335893630981447,"orthographic":false}